TAZ,Central,NE,NW,SE,SW
3726,0.001756975,0.000182252,0.000565968,0.001326768,0.002671632
3727,0.0,0.0,0.0,0.0,0.0
3728,0.0,0.0,0.0,0.0,0.0
3729,0.0,0.0,0.0,0.0,0.0
3730,0.0,0.0,0.0,0.0,0.0
3731,0.0,0.0,0.0,0.0,0.0
3732,0.001440972,0.000161222,0.000500664,0.001173679,0.000266007
3733,0.0,0.0,0.0,0.0,0.0
3734,0.001374612,0.001209169,0.000446244,0.001046105,0.000237093
3735,0.0,0.0,0.0,0.0,0.0
3736,0.0,0.0,0.0,0.0,0.0
3737,0.0,0.0,0.0,0.0,0.0
3738,0.0,0.0,0.0,0.0,0.0
3739,0.0,0.0,0.0,0.0,0.0
3740,0.0,0.0,0.0,0.0,0.0
3741,0.0,0.0,0.0,0.0,0.0
3742,0.0,0.0,0.0,0.0,0.0
3743,0.000641485,0.0,0.0,0.0,0.011744772
3759,0.001478893,0.000164727,0.000511548,0.001199194,0.000271789
3760,0.0,0.0,0.0,0.0,0.0
3761,0.0,0.0,0.0,0.0,0.0
3762,0.000145361,0.0,0.0,0.0,0.002665849
3763,0.0,0.0,0.0,0.0,0.0
3764,0.0,0.0,0.0,0.0,0.0
3765,0.0,0.0,0.0,0.0,0.0
3766,0.0,0.0,0.0,0.0,0.0
3767,0.000951168,0.000105145,0.00032652,0.000765443,0.000173483
3768,0.0,0.0,0.0,0.0,0.0
3769,0.0,0.0,0.0,0.0,0.0
3770,0.0,0.0,0.0,0.0,0.0
3771,0.000116921,0.0,0.003983543,0.0,0.0
3772,9.16408e-05,0.001023412,0.0,0.0,0.0
3773,0.000752086,0.007510865,0.0,0.0,0.001341599
3774,0.000278082,0.0,0.009621455,0.0,0.0
3797,0.002180419,0.000231319,0.000718344,0.001683974,0.002070226
3798,0.0,0.0,0.0,0.0,0.0
3799,0.0,0.0,0.0,0.0,0.0
3800,0.0,0.0,0.0,0.0,0.0
3801,0.0,0.0,0.0,0.0,0.0
3802,0.0,0.0,0.0,0.0,0.0
3803,0.0,0.0,0.0,0.0,0.0
3804,0.0,0.0,0.0,0.0,0.0
3805,0.0,0.0,0.0,0.0,0.0
3806,0.0,0.0,0.0,0.0,0.0
3807,0.0,0.0,0.0,0.0,0.0
3808,0.0,0.0,0.0,0.0,0.0
3809,0.0,0.0,0.0,0.0,0.0
3810,0.000110601,0.0,0.0,0.0,0.002006615
3811,0.0,0.0,0.0,0.0,0.0
3812,0.0,0.0,0.0,0.0,0.0
3813,0.0,0.0,0.0,0.0,0.0
3814,0.001008049,0.0,0.0,0.0,0.018470115
3815,0.0,0.0,0.0,0.0,0.0
3816,0.0,0.0,0.0,0.0,0.0
3817,0.0,0.0,0.0,0.0,0.0
3818,6.95206e-05,0.0,0.0,0.0,0.001266423
3819,0.0,0.0,0.0,0.0,0.0
3820,0.0,0.0,0.0,0.0,0.0
3821,0.0,0.0,0.0,0.0,0.0
3822,0.0,0.0,0.0,0.0,0.0
3823,0.0,0.0,0.0,0.0,0.0
3824,0.0,0.0,0.0,0.0,0.0
3825,0.0,0.0,0.0,0.0,0.0
3826,0.0,0.0,0.0,0.0,0.0
3827,0.0,0.0,0.0,0.0,0.0
3828,0.0,0.0,0.0,0.0,0.0
3829,0.0,0.0,0.0,0.0,0.0
3830,0.0,0.0,0.0,0.0,0.0
3831,0.0,0.0,0.0,0.0,0.0
3832,0.0,0.0,0.0,0.0,0.0
3833,0.0,0.0,0.0,0.0,0.0
3834,0.0,0.0,0.0,0.0,0.0
3835,0.0,0.0,0.0,0.0,0.0
3836,0.0,0.0,0.0,0.0,0.0
3837,0.0,0.0,0.0,0.0,0.0
3838,0.0,0.0,0.0,0.0,0.0
3851,0.0,0.0,0.0,0.0,0.0
3852,0.0,0.0,0.0,0.0,0.0
3853,0.000151681,0.0,0.005169899,0.0,0.0
3854,0.000379203,0.0,0.0,0.0,0.006927739
3855,0.0,0.0,0.0,0.0,0.0
3856,0.0,0.0,0.0,0.0,0.0
3857,0.0,0.0,0.0,0.0,0.0
3858,0.0,0.0,0.0,0.0,0.0
3859,0.0,0.0,0.0,0.0,0.0
3860,0.0,0.0,0.0,0.0,0.0
3861,0.0,0.0,0.0,0.0,0.0
3862,0.0,0.0,0.0,0.0,0.0
3863,0.0,0.0,0.0,0.0,0.0
3864,0.0,0.0,0.0,0.0,0.0
3865,0.0,0.0,0.0,0.0,0.0
3866,0.0,0.0,0.0,0.0,0.0
3867,0.0,0.0,0.0,0.0,0.0
3868,0.0,0.0,0.0,0.0,0.0
3869,0.0,0.0,0.0,0.0,0.0
3870,0.0,0.0,0.0,0.0,0.0
3871,0.0,0.0,0.0,0.0,0.0
3872,0.0,0.0,0.0,0.0,0.0
3873,0.01175214,0.001275761,0.01309345,0.009287373,0.002104922
3874,0.0,0.0,0.0,0.0,0.0
3875,0.001453612,0.000161222,0.000500664,0.001173679,0.000266007
3876,0.0,0.0,0.0,0.0,0.0
3877,0.0,0.0,0.0,0.0,0.0
3878,0.0,0.0,0.0,0.0,0.0
3879,0.0,0.0,0.0,0.0,0.0
3880,0.0,0.0,0.0,0.0,0.0
3881,0.0,0.0,0.0,0.0,0.0
3882,0.000161161,0.001783962,0.0,0.0,0.0
3883,0.0,0.0,0.0,0.0,0.0
3884,0.001406212,0.000122669,0.011112562,0.000893017,0.000202396
3885,0.0,0.0,0.0,0.0,0.0
3886,0.0,0.0,0.0,0.0,0.0
3887,4.74004e-05,0.0,0.0,0.0,0.000844282
3888,0.000151681,0.001685826,0.0,0.0,0.0
3889,0.0,0.0,0.0,0.0,0.0
3890,4.74004e-05,0.0,0.0,0.0,0.000844282
3891,0.0,0.0,0.0,0.0,0.0
3892,0.0,0.0,0.0,0.0,0.0
3893,0.0,0.0,0.0,0.0,0.0
3894,0.0,0.0,0.0,0.0,0.0
3895,0.0,0.0,0.0,0.0,0.0
3896,0.0,0.0,0.0,0.0,0.0
3897,0.0,0.0,0.0,0.0,0.0
3898,0.0,0.0,0.0,0.0,0.0
3899,0.0,0.0,0.0,0.0,0.0
3900,0.0,0.0,0.0,0.0,0.0
3901,0.0,0.0,0.0,0.0,0.0
3902,0.0,0.0,0.0,0.0,0.0
3925,0.0,0.0,0.0,0.0,0.0
3926,0.0,0.0,0.0,0.0,0.0
3927,0.0,0.0,0.0,0.0,0.0
3928,0.0,0.0,0.0,0.0,0.0
3929,0.0,0.0,0.0,0.0,0.0
3930,0.0,0.0,0.0,0.0,0.0
3931,0.0,0.0,0.0,0.0,0.0
3932,0.0,0.0,0.0,0.0,0.0
3933,0.0,0.0,0.0,0.0,0.0
3934,0.0,0.0,0.0,0.0,0.0
3935,0.0,0.0,0.0,0.0,0.0
3936,0.0,0.0,0.0,0.0,0.0
3937,0.0,0.0,0.0,0.0,0.0
3938,0.0,0.0,0.0,0.0,0.0
3939,0.0,0.0,0.0,0.0,0.0
3940,0.002787144,0.000308426,0.000957792,0.002245299,0.000508882
3965,0.0,0.0,0.0,0.0,0.0
3966,0.0,0.0,0.0,0.0,0.0
3977,0.000252802,0.0,0.008739851,0.0,0.0
3978,0.000628845,7.00967e-05,0.00021768,0.000510295,0.000115655
3979,0.006860418,0.000757045,0.002350944,0.005511188,0.001833133
3980,0.0,0.0,0.0,0.0,0.0
3981,0.0,0.0,0.0,0.0,0.0
3982,0.009233599,0.003031684,0.011776486,0.007067589,0.002376712
3983,0.007195381,0.006403337,0.007379351,0.005051923,0.006228026
3984,0.0,0.0,0.0,0.0,0.0
3985,0.0,0.0,0.0,0.0,0.0
3986,0.0,0.0,0.0,0.0,0.0
3987,0.0,0.0,0.0,0.0,0.0
3988,0.0,0.0,0.0,0.0,0.0
3989,0.0,0.0,0.0,0.0,0.0
3990,0.0,0.0,0.0,0.0,0.0
3991,0.0,0.0,0.0,0.0,0.0
3992,0.011180175,0.001240712,0.003852935,0.009032225,0.002047095
3993,0.001617934,0.000178747,0.000555084,0.001301253,0.00029492
3994,0.001061769,0.000119164,0.000370056,0.000867502,0.000196614
3995,0.000180122,0.002004767,0.0,0.0,0.0
3996,4.42404e-05,0.000490677,0.0,0.0,0.0
3997,0.0,0.0,0.0,0.0,0.0
3998,0.034194651,0.009897659,0.010601014,0.024851377,0.057636704
3999,0.0,0.0,0.0,0.0,0.0
4000,0.0,0.0,0.0,0.0,0.0
4001,0.002275219,0.000252348,0.000783648,0.001837063,0.000416358
4002,0.002584902,0.000206785,0.000642156,0.001505371,0.01379765
4003,0.0,0.0,0.0,0.0,0.0
4004,0.000758406,8.41161e-05,0.000261216,0.000612354,0.000138786
4005,0.001791735,0.015764755,0.012745162,0.0,0.0
4006,0.0,0.0,0.0,0.0,0.0
4007,0.0,0.0,0.0,0.0,0.0
4008,0.0,0.0,0.0,0.0,0.0
4023,0.0,0.0,0.0,0.0,0.0
4024,0.000230682,0.0,0.007967087,0.0,0.0
4025,0.0,0.0,0.0,0.0,0.0
4026,0.0,0.0,0.0,0.0,0.0
4027,0.0,0.0,0.0,0.0,0.0
4028,0.0,0.0,0.0,0.0,0.0
4029,0.0,0.0,0.0,0.0,0.0
4030,0.0,0.0,0.0,0.0,0.0
4031,0.0,0.0,0.0,0.0,0.0
4163,0.0,0.0,0.0,0.0,0.0
4164,0.0,0.0,0.0,0.0,0.0
4165,0.0,0.0,0.0,0.0,0.0
4166,0.0,0.0,0.0,0.0,0.0
4167,0.0,0.0,0.0,0.0,0.0
4168,0.002515381,0.0,0.0,0.0,0.046053849
4174,0.0,0.0,0.0,0.0,0.0
4175,0.001453612,0.000161222,0.000500664,0.001173679,0.000266007
4182,0.0,0.0,0.0,0.0,0.0
4183,0.0,0.0,0.0,0.0,0.0
4184,0.0,0.0,0.0,0.0,0.0
4185,0.00236686,0.000252348,0.000783648,0.001837063,0.001885178
4189,0.0,0.0,0.0,0.0,0.0
4190,0.0,0.0,0.0,0.0,0.0
4191,0.0,0.0,0.0,0.0,0.0
4192,4.74004e-05,0.0,0.0,0.0,0.000855848
4201,0.0,0.0,0.0,0.0,0.0
4202,0.0,0.0,0.0,0.0,0.0
4203,4.10804e-05,0.0,0.0,0.0,0.000745975
4204,0.0,0.0,0.0,0.0,0.0
4205,0.0,0.0,0.0,0.0,0.0
4206,0.0,0.0,0.0,0.0,0.0
4207,0.0,0.0,0.0,0.0,0.0
4208,0.0,0.0,0.0,0.0,0.0
4209,0.0,0.0,0.0,0.0,0.0
4210,0.0,0.0,0.0,0.0,0.0
4211,0.0,0.0,0.0,0.0,0.0
4212,3.16003e-05,0.0,0.0,0.002653535,0.0
4213,0.0,0.0,0.0,0.0,0.0
4214,0.0,0.0,0.0,0.0,0.0
4219,0.0,0.0,0.0,0.0,0.0
4220,0.0,0.0,0.0,0.0,0.0
4221,0.000897448,9.81354e-05,0.000304752,0.000714413,0.000161917
4223,0.0,0.0,0.0,0.0,0.0
4224,0.000758406,8.41161e-05,0.000261216,0.000612354,0.000138786
4225,0.0,0.0,0.0,0.0,0.0
4226,0.0,0.0,0.0,0.0,0.0
4227,0.0,0.0,0.0,0.0,0.0
4228,0.0,0.0,0.0,0.0,0.0
4229,0.0,0.0,0.0,0.0,0.0
4230,0.000255962,0.0,0.004734539,0.0,0.002185881
4231,0.0,0.0,0.0,0.0,0.0
4232,0.0,0.0,0.0,0.0,0.0
4233,0.0,0.0,0.0,0.0,0.0
4237,0.000407643,0.001752418,0.0,0.012604292,0.001688564
4238,0.0,0.0,0.0,0.0,0.0
4239,0.0,0.0,0.0,0.0,0.0
4240,0.0,0.0,0.0,0.0,0.0
4241,0.0,0.0,0.0,0.0,0.0
4242,0.000154841,0.001706855,0.0,0.0,0.0
4243,0.0,0.0,0.0,0.0,0.0
4244,0.0,0.0,0.0,0.0,0.0
4245,0.0,0.0,0.0,0.0,0.0
4246,0.0,0.0,0.0,0.0,0.0
4247,0.0,0.0,0.0,0.0,0.0
4248,0.0,0.0,0.0,0.0,0.0
4249,0.0,0.0,0.0,0.0,0.0
4250,0.0,0.0,0.0,0.0,0.0
4251,0.0,0.0,0.0,0.0,0.0
4252,0.0,0.0,0.0,0.0,0.0
4253,0.006373774,0.009904668,0.0019047,0.004465083,0.001011982
4254,0.002120378,0.002022291,0.000674808,0.001581915,0.000358531
4255,0.002221499,5.25726e-05,0.00016326,0.000382721,0.032123196
4256,0.008778555,0.000851675,0.002644812,0.006200087,0.021795198
4257,0.000407643,0.001177625,0.0,0.0,0.005528312
4258,0.004145955,0.000459134,0.001425804,0.003342434,0.000757541
4259,0.0,0.0,0.0,0.0,0.0
4260,6.32005e-05,0.0,0.0,0.0,0.001144985
4261,0.0,0.0,0.0,0.0,0.0
4262,0.000176962,0.0,0.0,0.0,0.003215211
4263,0.000199082,0.0,0.0,0.0,0.003660483
4264,0.0,0.0,0.0,0.0,0.0
4265,0.001466252,0.001104024,0.000402708,0.000944046,0.003793486
4266,0.0,0.0,0.0,0.0,0.0
4267,0.0,0.0,0.0,0.0,0.0
4268,0.0,0.0,0.0,0.0,0.0
4269,0.0,0.0,0.0,0.0,0.0
4270,0.039418176,0.01640614,0.012157426,0.034929707,0.06010594
4271,0.017354868,0.003462779,0.007194323,0.012578777,0.031654793
4272,0.0,0.0,0.0,0.0,0.0
4273,0.0,0.0,0.0,0.0,0.0
4274,0.0,0.0,0.0,0.0,0.0
4275,8.21607e-05,0.0,0.0,0.0,0.001503516
4276,0.0,0.0,0.0,0.0,0.0
4277,0.0,0.0,0.0,0.0,0.0
4278,0.000129561,0.001436983,0.0,0.0,0.0
4279,0.0,0.0,0.0,0.0,0.0
4280,0.001956057,0.000206785,0.000642156,0.001505371,0.002284188
4281,0.0,0.0,0.0,0.0,0.0
4282,0.0,0.0,0.0,0.0,0.0
4291,0.0,0.0,0.0,0.0,0.0
4292,0.018682079,0.017072059,0.096726093,0.011430613,0.011143366
4293,0.000230682,2.45339e-05,7.6188e-05,0.000178603,4.04793e-05
4294,0.0,0.0,0.0,0.0,0.0
4295,0.0,0.0,0.0,0.0,0.0
4296,0.003630871,0.003385672,0.017022573,0.002066696,0.006627036
4297,0.0,0.0,0.0,0.0,0.0
4298,0.0,0.0,0.0,0.0,0.0
4299,0.0,0.0,0.0,0.0,0.0
4300,0.0,0.0,0.0,0.0,0.0
4301,0.0,0.0,0.0,0.0,0.0
4302,0.0,0.0,0.0,0.0,0.0
4303,0.0,0.0,0.0,0.0,0.0
4304,0.0,0.0,0.0,0.0,0.0
4305,0.003346469,0.000364503,0.003406691,0.002653535,0.000601406
4306,0.0,0.0,0.0,0.0,0.0
4307,0.0,0.0,0.0,0.0,0.0
4308,0.0,0.0,0.0,0.0,0.0
4309,0.0,0.0,0.0,0.0,0.0
4310,0.0,0.0,0.0,0.0,0.0
4311,0.0,0.0,0.0,0.0,0.0
4312,0.0,0.0,0.0,0.0,0.0
4313,0.0,0.0,0.0,0.0,0.0
4314,0.0,0.0,0.0,0.0,0.0
4315,0.0,0.0,0.0,0.0,0.0
4316,0.0,0.0,0.0,0.0,0.0
4317,0.0,0.0,0.0,0.0,0.0
4318,0.0,0.0,0.0,0.0,0.0
4319,0.0,0.0,0.0,0.0,0.0
4320,0.0,0.0,0.0,0.0,0.0
4321,0.0,0.0,0.0,0.0,0.0
4322,0.002006617,0.00022431,0.000696576,0.001632945,0.000370096
4323,0.0,0.0,0.0,0.0,0.0
4324,0.0,0.0,0.0,0.0,0.0
4325,0.000161161,0.001780457,0.0,0.0,0.0
4326,0.0,0.0,0.0,0.0,0.0
4327,0.0,0.0,0.0,0.0,0.0
4346,0.002170938,0.00375368,0.003526415,0.001428827,0.000323834
4347,0.0,0.0,0.0,0.0,0.0
4348,0.0,0.0,0.0,0.0,0.0
4349,0.0,0.0,0.0,0.0,0.0
4350,0.0,0.0,0.0,0.0,0.0
4351,0.0,0.0,0.0,0.0,0.0
4352,0.0,0.0,0.0,0.0,0.0
4353,0.0,0.0,0.0,0.0,0.0
4354,0.0,0.0,0.0,0.0,0.0
4355,0.0,0.0,0.0,0.0,0.0
4356,0.0,0.0,0.0,0.0,0.0
4357,0.0,0.0,0.0,0.0,0.0
4358,0.0,0.0,0.0,0.0,0.0
4359,0.0,0.0,0.0,0.0,0.0
4360,0.0,0.0,0.0,0.0,0.0
4361,0.0,0.0,0.0,0.0,0.0
4362,0.0,0.0,0.0,0.0,0.0
4363,0.0,0.0,0.0,0.0,0.0
4364,0.0,0.0,0.0,0.0,0.0
4365,0.0,0.0,0.0,0.0,0.0
4366,0.0,0.0,0.0,0.0,0.0
4367,0.0,0.0,0.0,0.0,0.0
4390,0.0,0.0,0.0,0.0,0.0
4391,0.0,0.0,0.0,0.0,0.0
4392,0.000151681,0.001678817,0.0,0.0,0.0
4393,0.000360243,3.85532e-05,0.000119724,0.000280662,6.36103e-05
4394,0.0,0.0,0.0,0.0,0.0
4395,0.001045969,0.00011566,0.000359172,0.000841987,0.000190831
4396,0.001975017,0.000199776,0.000620388,0.001454341,0.003278821
4397,0.000205402,0.0,0.007020179,0.0,0.0
4398,0.00115657,0.000119164,0.003667907,0.000867502,0.000196614
4399,0.004019554,0.000371513,0.018339537,0.002704565,0.00359109
4400,0.0,0.0,0.0,0.0,0.0
4401,0.004095395,0.000410066,0.015411742,0.002985227,0.000676582
4402,0.00354239,0.000392542,0.001219008,0.002857653,0.000647668
4403,0.0,0.0,0.0,0.0,0.0
4404,9.79608e-05,0.001097014,0.0,0.0,0.0
4405,0.0,0.0,0.0,0.0,0.0
4406,0.000600405,0.0,0.008032391,0.0,0.006731125
4407,0.000312843,0.003455769,0.0,0.0,0.0
4408,8.84808e-05,0.000981354,0.0,0.0,0.0
4409,0.006395894,0.00171036,0.015346438,0.00477126,0.001081375
4410,0.000164321,0.0,0.005659679,0.0,0.0
4411,0.000366563,0.002285154,0.005539955,0.0,0.0
4412,0.0,0.0,0.0,0.0,0.0
4413,0.0,0.0,0.0,0.0,0.0
4414,0.0,0.0,0.0,0.0,0.0
4415,0.0,0.0,0.0,0.0,0.0
4416,0.00701842,0.009648815,0.004593047,0.023575639,0.002995466
4417,0.001551573,0.000171737,0.000533316,0.001250223,0.000283355
4418,0.0,0.0,0.0,0.0,0.0
4419,0.0,0.0,0.0,0.0,0.0
4420,0.0,0.0,0.0,0.0,0.0
4421,0.0,0.0,0.0,0.0,0.0
4422,0.0,0.0,0.0,0.0,0.0
4423,0.0,0.0,0.0,0.0,0.0
4424,0.000123241,0.0,0.004244759,0.0,0.0
4425,0.0,0.0,0.0,0.0,0.0
4426,0.0,0.0,0.0,0.0,0.0
4427,0.0,0.0,0.0,0.0,0.0
4428,0.0,0.0,0.0,0.0,0.0
4429,0.0,0.0,0.0,0.0,0.0
4430,0.000973288,9.11258e-05,0.005507303,0.000663384,0.000150352
4431,0.0,0.0,0.0,0.0,0.0
4432,0.0,0.0,0.0,0.0,0.0
4433,0.000584605,0.002684705,0.005148131,0.0,0.003556393
4434,0.0,0.0,0.0,0.0,0.0
4435,0.003273788,0.000364503,0.001131936,0.002653535,0.000601406
4436,0.00348867,0.003105285,0.001055748,0.002474932,0.00359109
4437,5.05604e-05,0.000546755,0.0,0.0,0.0
4438,0.0,0.0,0.0,0.0,0.0
4439,0.000120081,0.001345857,0.0,0.0,0.0
4440,0.0,0.0,0.0,0.0,0.0
4441,0.0,0.0,0.0,0.0,0.0
4442,0.002423741,0.000234824,0.011036374,0.001709489,0.000387444
4443,0.0,0.0,0.0,0.0,0.0
4444,0.0,0.0,0.0,0.0,0.0
4445,0.000192762,0.000315435,0.00201354,0.0,0.001943005
4446,0.0,0.0,0.0,0.0,0.0
4447,0.0,0.0,0.0,0.0,0.0
4448,0.0,0.0,0.0,0.0,0.0
4449,0.000524564,0.0,0.018056553,0.0,0.0
4450,0.000385523,0.004286415,0.0,0.0,0.0
4451,0.001090209,0.000105145,0.004930451,0.000765443,0.000173483
4452,0.000123241,0.0,0.004201223,0.0,0.0
4453,0.0,0.0,0.0,0.0,0.0
4454,0.0,0.0,0.0,0.0,0.0
4455,0.0,0.0,0.0,0.0,0.0
4471,0.000862687,9.46306e-05,0.000293868,0.000688899,0.000156134
4472,0.00113445,8.06112e-05,0.01423627,0.000586839,0.000133003
4473,0.003981634,0.001587691,0.001338732,0.003138316,0.000711279
4474,0.002973585,0.003757185,0.004179455,0.002066696,0.000468403
4475,0.004332397,0.001184635,0.00146934,0.003444493,0.000780672
4476,0.000587765,0.002435861,0.012690742,0.0,0.0
4477,0.000660446,0.00085518,0.008663663,0.000280662,6.36103e-05
4478,0.000325483,0.0,0.011221402,0.0,0.0
4479,0.0,0.0,0.0,0.0,0.0
4480,8.84808e-05,0.000974345,0.0,0.0,0.0
4481,0.0,0.0,0.0,0.0,0.0
4482,0.0,0.0,0.0,0.0,0.0
4483,0.000274922,0.001612225,0.004505975,0.0,0.0
4484,0.0,0.0,0.0,0.0,0.0
4485,0.0,0.0,0.0,0.0,0.0
4486,0.0,0.0,0.0,0.0,0.0
4487,0.001624254,0.00011566,0.010818694,0.000841987,0.005077258
4488,0.019816529,0.004878733,0.041108862,0.014926135,0.004712944
4489,0.0,0.0,0.0,0.0,0.0
4490,0.0,0.0,0.0,0.0,0.0
4491,0.0,0.0,0.0,0.0,0.0
4492,0.000237002,0.001436983,0.003667907,0.0,0.0
4493,0.001368292,0.00172438,0.04172925,0.0,0.0
4494,0.000553005,0.003613487,0.007825595,0.0,0.0
4495,0.0,0.0,0.0,0.0,0.0
4496,0.0,0.0,0.0,0.0,0.0
4497,0.0,0.0,0.0,0.0,0.0
4498,0.000192762,0.001479041,0.0,0.0,0.001069809
4499,0.0,0.0,0.0,0.0,0.0
4500,0.0,0.0,0.0,0.0,0.0
4501,0.000230682,0.0,0.007967087,0.0,0.0
4502,0.003093666,0.006091406,0.000859836,0.008547445,0.000456838
4503,0.022682673,0.071453105,0.008086811,0.012859439,0.010385825
4504,0.002158298,0.004524744,0.000609504,0.001428827,0.000323834
4505,0.000205402,0.002285154,0.0,0.0,0.0
4506,0.0,0.0,0.0,0.0,0.0
4507,0.0,0.0,0.0,0.0,0.0
4508,0.0,0.0,0.0,0.0,0.0
4509,0.0,0.0,0.0,0.0,0.0
4510,0.0,0.0,0.0,0.0,0.0
4511,0.0,0.0,0.0,0.0,0.0
4512,0.0,0.0,0.0,0.0,0.0
4513,0.0,0.0,0.0,0.0,0.0
4514,0.0,0.0,0.0,0.0,0.0
4515,0.0,0.0,0.0,0.0,0.0
4516,0.003981634,0.000441609,0.001371384,0.00321486,0.000728627
4517,0.0,0.0,0.0,0.0,0.0
4518,0.0,0.0,0.0,0.0,0.0
4519,0.000116921,0.00128277,0.0,0.0,0.0
4520,0.0,0.0,0.0,0.0,0.0
4521,0.0,0.0,0.0,0.0,0.0
4522,0.008532073,0.03207276,0.00195912,0.004592657,0.001040896
4523,0.0,0.0,0.0,0.0,0.0
4524,0.0,0.0,0.0,0.0,0.0
4525,0.0,0.0,0.0,0.0,0.0
4526,0.0,0.0,0.0,0.0,0.0
4527,0.0,0.0,0.0,0.0,0.0
4536,0.0,0.0,0.0,0.0,0.0
4537,0.0,0.0,0.0,0.0,0.0
4538,0.000123241,0.001366886,0.0,0.0,0.0
4539,0.0,0.0,0.0,0.0,0.0
4540,0.0,0.0,0.0,0.0,0.0
4541,0.0,0.0,0.0,0.0,0.0
4542,0.0,0.0,0.0,0.0,0.0
4543,0.0,0.0,0.0,0.0,0.0
4544,0.0,0.0,0.0,0.0,0.0
4545,0.000164321,0.0,0.0,0.013140102,0.0
4546,0.0,0.0,0.0,0.0,0.0
4547,0.000230682,0.00256554,0.0,0.0,0.0
4548,0.0,0.0,0.0,0.0,0.0
4549,0.00117553,0.000129679,0.000402708,0.000944046,0.000213962
4550,0.0,0.0,0.0,0.0,0.0
4551,0.0,0.0,0.0,0.0,0.0
4552,0.0,0.0,0.0,0.0,0.0
4553,0.000458204,0.005071499,0.0,0.0,0.0
4554,0.00111549,0.001472031,0.00032652,0.000765443,0.000821151
4555,0.000316003,0.003490817,0.0,0.0,0.0
4556,0.0,0.0,0.0,0.0,0.0
4557,0.0,0.0,0.0,0.0,0.0
4558,0.0,0.0,0.0,0.0,0.0
4559,0.0,0.0,0.0,0.0,0.0
4560,0.0,0.0,0.0,0.0,0.0
4561,0.0,0.0,0.0,0.0,0.0
4562,0.001538933,0.000171737,0.000533316,0.001250223,0.000283355
4563,0.000328643,0.00363802,0.0,0.0,0.0
4564,0.000224362,0.002481424,0.0,0.0,0.0
4565,0.0,0.0,0.0,0.0,0.0
4566,0.0,0.0,0.0,0.0,0.0
4567,0.0,0.0,0.0,0.0,0.0
4568,0.0,0.0,0.0,0.0,0.0
4569,0.0,0.0,0.0,0.0,0.0
4570,0.001930776,0.000213795,0.000663924,0.0015564,0.000352748
4571,0.0,0.0,0.0,0.0,0.0
4572,0.0,0.0,0.0,0.0,0.0
4573,0.0,0.0,0.0,0.0,0.0
4574,0.0,0.0,0.0,0.0,0.0
4575,0.0,0.0,0.0,0.0,0.0
4576,0.0,0.0,0.0,0.0,0.0
4577,0.0,0.0,0.0,0.0,0.0
4578,0.0,0.0,0.0,0.0,0.0
4579,0.000432924,0.004787607,0.0,0.0,0.0
4580,0.0,0.0,0.0,0.0,0.0
4581,0.0,0.0,0.0,0.0,0.0
4582,0.0,0.0,0.0,0.0,0.0
4583,0.0,0.0,0.0,0.0,0.0
4584,0.000113761,0.001244217,0.0,0.0,0.0
4585,0.0,0.0,0.0,0.0,0.0
4586,0.0,0.0,0.0,0.0,0.0
4587,0.0,0.0,0.0,0.0,0.0
4588,0.0,0.0,0.0,0.0,0.0
4589,0.0,0.0,0.0,0.0,0.0
4590,0.0,0.0,0.0,0.0,0.0
4591,0.000176962,0.001955699,0.0,0.0,0.0
4592,0.0,0.0,0.0,0.0,0.0
4593,0.0,0.0,0.0,0.0,0.0
4594,0.0,0.0,0.0,0.0,0.0
4595,0.0,0.0,0.0,0.0,0.0
4596,0.0,0.0,0.0,0.0,0.0
4597,0.0,0.0,0.0,0.0,0.0
4598,0.0,0.0,0.0,0.0,0.0
4599,0.0,0.0,0.0,0.0,0.0
4600,0.0,0.0,0.0,0.0,0.0
4601,0.0,0.0,0.0,0.0,0.0
4602,0.0,0.0,0.0,0.0,0.0
4603,0.0,0.0,0.0,0.0,0.0
4604,0.0,0.0,0.0,0.0,0.0
4605,0.000199082,0.002208047,0.0,0.0,0.0
4606,0.0,0.0,0.0,0.0,0.0
4607,0.0,0.0,0.0,0.0,0.0
4608,0.0,0.0,0.0,0.0,0.0
4609,0.0,0.0,0.0,0.0,0.0
4610,8.84808e-05,0.000995374,0.0,0.0,0.0
4611,0.0,0.0,0.0,0.0,0.0
4612,0.0,0.0,0.0,0.0,0.0
4613,0.0,0.0,0.0,0.0,0.0
4614,0.0,0.0,0.0,0.0,0.0
4615,0.0,0.0,0.0,0.0,0.0
4616,0.0,0.0,0.0,0.0,0.0
4617,0.0,0.0,0.0,0.0,0.0
4618,0.0,0.0,0.0,0.0,0.0
4619,0.0,0.0,0.0,0.0,0.0
4620,0.000432924,0.004812141,0.0,0.0,0.0
4621,0.0,0.0,0.0,0.0,0.0
4622,0.0,0.0,0.0,0.0,0.0
4623,0.0,0.0,0.0,0.0,0.0
4624,0.0,0.0,0.0,0.0,0.0
4625,0.0,0.0,0.0,0.0,0.0
4626,0.0,0.0,0.0,0.0,0.0
4627,0.000502444,0.005583205,0.0,0.0,0.0
4628,0.0,0.0,0.0,0.0,0.0
4629,0.0,0.0,0.0,0.0,0.0
4630,0.0,0.0,0.0,0.0,0.0
4631,0.0,0.0,0.0,0.0,0.0
4632,0.0,0.0,0.0,0.0,0.0
4633,0.0,0.0,0.0,0.0,0.0
4634,0.0,0.0,0.0,0.0,0.0
4635,0.0,0.0,0.0,0.0,0.0
4636,0.0,0.0,0.0,0.0,0.0
4637,0.0,0.0,0.0,0.0,0.0
4638,0.0,0.0,0.0,0.0,0.0
4639,0.0,0.0,0.0,0.0,0.0
4640,0.0,0.0,0.0,0.0,0.0
4641,0.0,0.0,0.0,0.0,0.0
4642,0.0,0.0,0.0,0.0,0.0
4643,0.0,0.0,0.0,0.0,0.0
4644,0.001696934,0.000189261,0.000587736,0.001377797,0.000312269
4645,0.0,0.0,0.0,0.0,0.0
4646,0.0,0.0,0.0,0.0,0.0
4647,0.0,0.0,0.0,0.0,0.0
4648,0.0,0.0,0.0,0.0,0.0
4649,0.0,0.0,0.0,0.0,0.0
4650,0.0,0.0,0.0,0.0,0.0
4651,0.0,0.0,0.0,0.0,0.0
4652,0.0,0.0,0.0,0.0,0.0
4653,0.0,0.0,0.0,0.0,0.0
4654,0.0,0.0,0.0,0.0,0.0
4655,0.000151681,0.001668302,0.0,0.0,0.0
4656,0.0,0.0,0.0,0.0,0.0
4657,0.0,0.0,0.0,0.0,0.0
4658,0.0,0.0,0.0,0.0,0.0
4659,0.0,0.0,0.0,0.0,0.0
4660,0.0,0.0,0.0,0.0,0.0
4661,0.0,0.0,0.0,0.0,0.0
4662,0.0,0.0,0.0,0.0,0.0
4663,0.0,0.0,0.0,0.0,0.0
4664,0.0,0.0,0.0,0.0,0.0
4665,0.003744632,0.002190523,0.001229892,0.002883168,0.000653451
4666,0.0,0.0,0.0,0.0,0.0
4667,0.0,0.0,0.0,0.0,0.0
4668,0.0,0.0,0.0,0.0,0.0
4669,0.0,0.0,0.0,0.0,0.0
4670,0.000139041,0.001528109,0.0,0.0,0.0
4671,0.0,0.0,0.0,0.0,0.0
4672,0.0,0.0,0.0,0.0,0.0
4673,0.0,0.0,0.0,0.0,0.0
4674,0.0,0.0,0.0,0.0,0.0
4675,0.0,0.0,0.0,0.0,0.0
4676,0.0,0.0,0.0,0.0,0.0
4677,0.0,0.0,0.0,0.0,0.0
4678,0.0,0.0,0.0,0.0,0.0
4679,6.32005e-05,0.000700967,0.0,0.0,0.0
4680,9.16408e-05,0.0,0.003178128,0.0,0.0
4681,0.0,0.0,0.0,0.0,0.0
4682,0.000862687,0.009568204,0.0,0.0,0.0
4683,0.00115025,0.012771625,0.0,0.0,0.0
4684,0.0,0.0,0.0,0.0,0.0
4685,0.0,0.0,0.0,0.0,0.0
4686,0.0,0.0,0.0,0.0,0.0
4687,0.0,0.0,0.0,0.0,0.0
4688,0.0,0.0,0.0,0.0,0.0
4689,0.0,0.0,0.0,0.0,0.0
4690,0.0,0.0,0.0,0.0,0.0
4691,0.0,0.0,0.0,0.0,0.0
4692,0.0,0.0,0.0,0.0,0.0
4693,0.0,0.0,0.0,0.0,0.0
4694,0.0,0.0,0.0,0.0,0.0
4695,0.0,0.0,0.0,0.0,0.0
4696,0.0,0.0,0.0,0.0,0.0
4697,0.0,0.0,0.0,0.0,0.0
4698,0.0,0.0,0.0,0.0,0.0
4699,0.0,0.0,0.0,0.0,0.0
4700,0.0,0.0,0.0,0.0,0.0
4701,0.0,0.0,0.0,0.0,0.0
4747,0.0,0.0,0.0,0.0,0.0
4748,0.000237002,0.002635637,0.0,0.0,0.0
4749,0.0,0.0,0.0,0.0,0.0
4750,0.0,0.0,0.0,0.0,0.0
4751,0.0,0.0,0.0,0.0,0.0
4752,0.0,0.0,0.0,0.0,0.0
4753,0.0,0.0,0.0,0.0,0.0
4754,0.000423444,0.004706996,0.0,0.0,0.0
4755,0.0,0.0,0.0,0.0,0.0
4756,0.002635462,0.001479041,0.00087072,0.002041181,0.00046262
4757,0.0,0.0,0.0,0.0,0.0
4758,0.0,0.0,0.0,0.0,0.0
4759,0.0,0.0,0.0,0.0,0.0
4760,0.0,0.0,0.0,0.0,0.0
4761,0.0,0.0,0.0,0.0,0.0
4762,0.0,0.0,0.0,0.0,0.0
4763,0.0,0.0,0.0,0.0,0.0
4764,0.0,0.0,0.0,0.0,0.0
4765,0.000587765,0.006533016,0.0,0.0,0.0
4766,0.000132721,0.001482546,0.0,0.0,0.0
4767,0.000265442,0.002926539,0.0,0.0,0.0
4768,0.001305091,0.000143698,0.000446244,0.001046105,0.000237093
4769,0.0,0.0,0.0,0.0,0.0
4770,0.0,0.0,0.0,0.0,0.0
4771,0.0,0.0,0.0,0.0,0.0
4772,0.0,0.0,0.0,0.0,0.0
4773,0.0,0.0,0.0,0.0,0.0
4774,0.009530641,0.003659049,0.003145476,0.0207435,0.001671216
4775,0.0,0.0,0.0,0.0,0.0
4776,0.0,0.0,0.0,0.0,0.0
4777,0.0,0.0,0.0,0.0,0.0
4778,0.0,0.0,0.0,0.0,0.0
4779,0.0,0.0,0.0,0.0,0.0
4780,0.0,0.0,0.0,0.0,0.0
4781,0.0,0.0,0.0,0.0,0.0
4782,0.0,0.0,0.0,0.0,0.0
4783,0.0,0.0,0.0,0.0,0.0
4784,0.0,0.0,0.0,0.0,0.0
4785,0.0,0.0,0.0,0.0,0.0
4786,0.0,0.0,0.0,0.0,0.0
4787,0.0,0.0,0.0,0.0,0.0
4788,0.0,0.0,0.0,0.0,0.0
4789,0.0,0.0,0.0,0.0,0.0
4790,0.0,0.0,0.0,0.0,0.0
4791,0.0,0.0,0.0,0.0,0.0
4792,0.004433518,0.000490677,0.00152376,0.003572066,0.000809585
4793,0.0,0.0,0.0,0.0,0.0
4794,0.0,0.0,0.0,0.0,0.0
4795,0.0,0.0,0.0,0.0,0.0
4796,0.0,0.0,0.0,0.0,0.0
4797,0.0,0.0,0.0,0.0,0.0
4798,9.16408e-05,0.0,0.0,0.00745031,0.0
4799,0.0,0.0,0.0,0.0,0.0
4800,0.0,0.0,0.0,0.0,0.0
4801,0.0,0.0,0.0,0.0,0.0
4802,9.48008e-05,0.001061966,0.0,0.0,0.0
4803,0.0,0.0,0.0,0.0,0.0
4804,0.0,0.0,0.0,0.0,0.0
4805,0.000568805,0.006291182,0.0,0.0,0.0
4806,0.0,0.0,0.0,0.0,0.0
4807,5.37205e-05,0.000606337,0.0,0.0,0.0
4808,2.84402e-05,0.000322445,0.0,0.0,0.0
4809,0.00470528,0.012421141,0.004821611,0.007552369,0.002122271
4810,0.000208562,0.000511706,0.0,0.0,0.002978118
4811,0.001921296,0.008713024,0.000370056,0.000867502,0.001815785
4812,0.013509115,0.008667461,0.013430854,0.010154875,0.002301536
4813,0.001741175,0.006901023,0.00032652,0.000765443,0.003273038
4814,0.003226387,0.014580121,0.000424476,0.057739903,0.000225527
4815,0.001361972,0.000883219,0.000446244,0.001046105,0.000237093
4816,0.000635165,0.000928782,0.000195912,0.000459266,0.00010409
4817,0.0,0.0,0.0,0.0,0.0
4818,0.000764727,0.00847119,0.0,0.0,0.0
4819,0.001696934,0.000189261,0.000587736,0.001377797,0.000312269
4820,0.000224362,0.002502453,0.0,0.0,0.0
4821,0.000164321,0.001822515,0.0,0.0,0.0
4822,0.0,0.0,0.0,0.0,0.0
4823,0.0,0.0,0.0,0.0,0.0
4889,0.002607022,0.000290901,0.000903372,0.002117725,0.000479969
4890,0.0,0.0,0.0,0.0,0.0
4894,0.001282971,0.000143698,0.000446244,0.001046105,0.000237093
4895,0.000145361,0.00160872,0.0,0.0,0.0
4896,0.0,0.0,0.0,0.0,0.0
4897,0.0,0.0,0.0,0.0,0.0
4903,0.0,0.0,0.0,0.0,0.0
4904,0.0,0.0,0.0,0.0,0.0
4905,0.0,0.0,0.0,0.0,0.0
4906,0.0,0.0,0.0,0.0,0.0
4907,0.0,0.0,0.0,0.0,0.0
4908,0.0,0.0,0.0,0.0,0.0
4909,0.0,0.0,0.0,0.0,0.0
4910,0.003431789,0.000382027,0.001186356,0.002781109,0.00063032
4911,0.000461364,0.005117062,0.0,0.0,0.0
4912,0.0,0.0,0.0,0.0,0.0
4913,0.0,0.0,0.0,0.0,0.0
4914,0.0,0.0,0.0,0.0,0.0
4915,0.000101121,0.0,0.0,0.008113694,0.0
4919,0.0,0.0,0.0,0.0,0.0
4920,0.000312843,0.0,0.006650123,0.0,0.002214795
4921,0.0,0.0,0.0,0.0,0.0
4929,0.0,0.0,0.0,0.0,0.0
4930,0.0,0.0,0.0,0.0,0.0
4931,0.0,0.0,0.0,0.0,0.0
4932,0.000442404,0.004913781,0.0,0.0,0.0
4933,0.0,0.0,0.0,0.0,0.0
4934,0.000922728,0.00010164,0.000315636,0.000739928,0.0001677
4947,0.0,0.0,0.0,0.0,0.0
4948,0.0,0.0,0.0,0.0,0.0
4949,0.0,0.0,0.0,0.0,0.0
4950,0.0,0.0,0.0,0.0,0.0
4951,0.0,0.0,0.0,0.0,0.0
4952,0.0,0.0,0.0,0.0,0.0
4953,0.0,0.0,0.0,0.0,0.0
4954,0.002076138,0.001945184,0.000565968,0.009746638,0.003533262
4955,0.0,0.0,0.0,0.0,0.0
4956,0.0,0.0,0.0,0.0,0.0
4957,0.0,0.0,0.0,0.0,0.0
4958,0.0,0.0,0.0,0.0,0.0
4959,0.0,0.0,0.0,0.0,0.0
4960,0.0,0.0,0.0,0.0,0.0
4961,0.0,0.0,0.0,0.0,0.0
4966,0.0,0.0,0.0,0.0,0.0
4967,0.008073869,0.004489696,0.00266658,0.006251116,0.001416775
4968,0.0,0.0,0.0,0.0,0.0
4977,0.0,0.0,0.0,0.0,0.0
4978,0.0,0.0,0.0,0.0,0.0
4981,0.000189602,0.002102902,0.0,0.0,0.0
4982,0.0,0.0,0.0,0.0,0.0
4987,0.0,0.0,0.0,0.0,0.0
4988,0.0,0.0,0.0,0.0,0.0
5003,0.0,0.0,0.0,0.0,0.0
5004,0.0,0.0,0.0,0.0,0.0
5005,0.0,0.0,0.0,0.0,0.0
5006,0.0,0.0,0.0,0.0,0.0
5007,0.0,0.0,0.0,0.0,0.0
5008,0.0,0.0,0.0,0.0,0.0
5009,0.0,0.0,0.0,0.0,0.0
5010,0.001415692,0.000147203,0.000457128,0.00107162,0.001711695
5011,0.0,0.0,0.0,0.0,0.0
5012,0.0023321,0.001310809,0.000772764,0.001811548,0.000410575
5013,0.0,0.0,0.0,0.0,0.0
5014,0.000723646,8.06112e-05,0.000250332,0.000586839,0.000133003
5015,0.0,0.0,0.0,0.0,0.0
5016,0.000480324,5.25726e-05,0.00016326,0.000382721,8.67413e-05
5017,0.0,0.0,0.0,0.0,0.0
5018,0.001301931,0.000143698,0.000446244,0.001046105,0.000237093
5019,0.011050614,0.002993131,0.010241842,0.008445386,0.006291636
5020,0.0,0.0,0.0,0.0,0.0
5021,0.003908953,0.0004346,0.001349616,0.00316383,0.000717061
5022,0.000113761,0.001275761,0.0,0.0,0.0
5023,0.001649534,0.002299173,0.000500664,0.001173679,0.000266007
5024,0.007767346,0.009154633,0.011319358,0.005102952,0.008847613
5025,0.002742903,0.002873966,0.000859836,0.002015666,0.000456838
5026,0.020189412,0.007973503,0.01380091,0.019161585,0.007633235
5027,0.000107441,0.0,0.003657023,0.0,0.0
5028,0.001004889,0.006389317,0.0,0.0,0.007824066
5029,0.011303416,0.021228796,0.0032652,0.007654428,0.001734826
5030,0.000116921,0.001286275,0.0,0.0,0.0
5031,0.000353923,0.000707977,0.0,0.0,0.005291219
5032,0.02461661,0.027172999,0.007694987,0.018038936,0.004892209
5033,0.006696097,0.007994532,0.002078844,0.004873319,0.001104506
5034,0.0,0.0,0.0,0.0,0.0
5035,0.001333531,0.000147203,0.000457128,0.00107162,0.000242876
5036,0.001532613,0.000928782,0.000500664,0.001173679,0.000266007
5037,0.000758406,8.41161e-05,0.000261216,0.000612354,0.000138786
5038,0.0,0.0,0.0,0.0,0.0
5039,0.004863281,0.021274359,0.010448638,0.002168755,0.000491534
5040,0.001946577,0.002428852,0.000565968,0.001326768,0.002272622
5041,0.000489804,0.000785083,0.000141492,0.000331692,7.51758e-05
5042,0.014021039,0.004885742,0.012854002,0.010001786,0.021864591
5043,0.000233842,0.0,0.0,0.0,0.004273455
5044,0.026127103,0.004938315,0.011156098,0.025540275,0.042266145
5045,0.015721134,0.001696341,0.005267855,0.023448065,0.008090072
5046,0.0,0.0,0.0,0.0,0.0
5047,0.002218339,0.00236226,0.000696576,0.001632945,0.000370096
5048,0.0,0.0,0.0,0.0,0.0
5049,0.001112329,0.000105145,0.002318292,0.000765443,0.001925657
5050,0.005662768,0.006568064,0.001763208,0.004133391,0.000936806
5051,0.01530085,0.022749895,0.004495091,0.025489246,0.004828599
5052,0.000467684,0.003343614,0.002742768,0.0,0.001590257
5053,7.90007e-05,0.000876209,0.0,0.0,0.0
5054,7.90007e-05,0.0,0.0,0.0,0.001468819
5055,0.003393869,0.000360998,0.003461111,0.00262802,0.00182735
5056,0.0,0.0,0.0,0.0,0.0
5057,6.00405e-05,0.000676433,0.0,0.0,0.0
5058,0.003340148,0.000350484,0.0010884,0.002551476,0.003637352
5059,0.002559622,0.015561475,0.003972659,0.000867502,0.000196614
5060,0.002025577,0.002604094,0.00059862,0.001403312,0.001665433
5061,0.048601214,0.052716248,0.019885065,0.033092644,0.064581791
5062,0.000176962,0.001948689,0.0,0.0,0.0
5063,0.000237002,0.001436983,0.003722327,0.0,0.0
5064,0.0,0.0,0.0,0.0,0.0
5065,0.000666766,7.36016e-05,0.000228564,0.00053581,0.000121438
5066,0.006155732,0.006904528,0.001763208,0.016737683,0.006898825
5067,0.00581761,0.002078368,0.00195912,0.004592657,0.001040896
5068,0.044499499,0.00493481,0.01532467,0.035924782,0.008142117
5069,4.42404e-05,0.000497687,0.0,0.0,0.0
5070,0.015351411,0.003322585,0.014149198,0.011762304,0.009483716
5071,0.019724888,0.005548156,0.006650123,0.015589519,0.005690229
5072,0.001804375,0.002306183,0.000413592,0.034291838,0.000219745
5073,0.009849804,0.025010515,0.007477307,0.005919424,0.005146651
5074,0.003700392,0.001689331,0.00114282,0.00267905,0.005430006
5075,0.002802944,0.005029441,0.000750996,0.001760518,0.003914924
5076,0.064028466,0.076268751,0.045876053,0.084071135,0.091593033
5077,0.024006725,0.016570868,0.01282135,0.016788712,0.035899334
5078,0.0,0.0,0.0,0.0,0.0
5079,0.001463092,0.005565681,0.0,0.0,0.017568005
5080,0.001696934,0.000147203,0.012886654,0.00107162,0.000242876
5081,0.007761026,0.005656806,0.002416248,0.005664277,0.00707809
5082,8.21607e-05,0.000911258,0.0,0.0,0.0
5083,0.004632599,0.006610122,0.006497747,0.003036256,0.003683614
5084,0.00353607,0.008916305,0.00076188,0.001786033,0.01060557
5085,0.000546685,0.002204542,0.0,0.028066236,0.0
5086,0.017519189,0.007882378,0.019743573,0.011507157,0.043943144
5087,0.001817015,0.000203281,0.000631272,0.001479856,0.0003354
5088,0.0,0.0,0.0,0.0,0.0
5089,0.019645887,0.017177205,0.008315375,0.014033118,0.018094236
5090,0.000271762,0.001107528,0.0,0.0,0.003157383
5091,0.0,0.0,0.0,0.0,0.0
5092,0.000120081,0.0,0.0,0.0,0.002185881
5093,0.00346655,0.002057339,0.0010884,0.002551476,0.003394476
5094,0.001516813,0.002814384,0.000402708,0.000944046,0.002156967
5095,0.000303363,0.001822515,0.0,0.0,0.002521281
5096,0.016842944,0.017037011,0.033718627,0.015410915,0.00758119
5097,0.0,0.0,0.0,0.0,0.0
5098,0.009097718,0.008720034,0.002742768,0.00642972,0.00957624
5099,0.000448724,0.004959344,0.0,0.0,0.0
5100,0.000521404,0.00321043,0.007967087,0.0,0.0
5101,0.001665334,0.000602832,0.00288426,0.000893017,0.008627868
5102,0.008930236,0.015067293,0.002492436,0.00584288,0.008911223
5103,0.0,0.0,0.0,0.0,0.0
5104,0.0,0.0,0.0,0.0,0.0
5105,0.0,0.0,0.0,0.0,0.0
5106,0.0,0.0,0.0,0.0,0.0
5107,0.0,0.0,0.0,0.0,0.0
5108,0.0,0.0,0.0,0.0,0.0
5109,0.0,0.0,0.0,0.0,0.0
5110,0.0,0.0,0.0,0.0,0.0
5111,0.0,0.0,0.0,0.0,0.0
5112,0.0,0.0,0.0,0.0,0.0
5113,0.0,0.0,0.0,0.0,0.0
5114,0.0,0.0,0.0,0.0,0.0
5115,0.0,0.0,0.0,0.0,0.0
5116,0.0,0.0,0.0,0.0,0.0
